id,user_id,title,created_at,updated_at
d99e3ec7-b3f1-4983-8163-b053c96e485c,aaaaaaaa-aaaa-aaaa-aaaa-aaaaaaaaaaaa,Conversación privada de A,2026-06-06 21:23:11.469272+00,2026-06-06 21:23:11.469272+00
d89aee22-0fd9-400a-874b-46ce2c973b4a,aaaaaaaa-aaaa-aaaa-aaaa-aaaaaaaaaaaa,Conversación privada de A,2026-06-06 21:25:42.096697+00,2026-06-06 21:25:42.096697+00
f9d23a14-0349-47b6-aef0-e0d48da92f24,ce75ac84-623f-40cd-ac17-211a98dfaf8b,Sebastián Rojas — consulta CEE [PRUEBA],2026-06-02 23:44:57.635829+00,2026-06-06 23:44:57.635829+00
c0000001-0000-0000-0000-000000000001,11111111-1111-1111-1111-111111111111,María González — Info del CCAT,2026-06-06 23:38:05.505111+00,2026-06-06 23:38:05.505111+00
c0000002-0000-0000-0000-000000000002,11111111-1111-1111-1111-111111111111,María González — Horarios de talleres,2026-06-06 23:38:05.505111+00,2026-06-06 23:38:05.505111+00
36d0f093-efa2-4f23-92b0-cb4d51c66a43,226a5803-9725-4580-9554-97f99816526f,Carlos Ramos — consulta CEE [PRUEBA],2026-05-24 23:45:48.357148+00,2026-06-06 23:45:48.357148+00
c0000003-0000-0000-0000-000000000003,22222222-2222-2222-2222-222222222222,Carlos Ramírez — ¿Cómo me inscribo?,2026-06-06 23:38:05.505111+00,2026-06-06 23:38:05.505111+00
1f9ae857-3bd4-4b60-b86b-899433ff52b8,5f67146f-8807-4a42-8155-ce34cc92c576,Andrea Fernández — consulta CEE [PRUEBA],2026-05-15 23:44:57.635829+00,2026-06-06 23:44:57.635829+00
c0000004-0000-0000-0000-000000000004,33333333-3333-3333-3333-333333333333,Lucía Fernández — Proyectos del club,2026-06-06 23:38:05.505111+00,2026-06-06 23:38:05.505111+00
c0000005-0000-0000-0000-000000000005,44444444-4444-4444-4444-444444444444,Diego Torres — Requisitos para unirme,2026-06-06 23:38:05.505111+00,2026-06-06 23:38:05.505111+00
c0000006-0000-0000-0000-000000000006,55555555-5555-5555-5555-555555555555,Valeria Quispe — Eventos próximos,2026-06-06 23:38:05.505111+00,2026-06-06 23:38:05.505111+00
75b40fda-8201-4433-9f14-19ae614f9759,9b57cedd-2a18-4388-810a-cd011dbf8aec,Andrea Cáceres — consulta CEE [PRUEBA],2026-05-15 23:45:48.357148+00,2026-06-06 23:45:48.357148+00
436c533a-9263-41f0-82ef-7bad9b0d0b6f,e68d63df-88b0-4f21-9e9d-0b908bedb968,Paola Ramírez — consulta CEE [PRUEBA],2026-05-18 23:44:57.635829+00,2026-06-06 23:44:57.635829+00
b7c7c446-c491-4e9b-ac33-9b58968bc367,7382a7c7-8bd0-419e-a9ac-ddeb7a36f458,José Mendoza — consulta CEE [PRUEBA],2026-06-02 23:45:48.357148+00,2026-06-06 23:45:48.357148+00
61c8d23b-e923-43b8-8f7b-407f29e90255,e34b0cda-e725-4126-ac6d-48fb2485403e,María Rojas — consulta CEE [PRUEBA],2026-06-01 23:44:57.635829+00,2026-06-06 23:44:57.635829+00
c0b343a9-edb0-4390-82d1-d91bb2e1520f,9a092931-f806-4a92-a9a7-5df5601c6ded,Sofía Huamán — consulta CEE [PRUEBA],2026-05-29 23:44:57.635829+00,2026-06-06 23:44:57.635829+00
81e4884b-e144-403d-bf4a-7e30f75c2439,0f5e9fa2-7128-4dbd-886b-5f1a2e32fda3,Luis Mendoza — consulta CEE [PRUEBA],2026-06-06 23:44:57.635829+00,2026-06-06 23:44:57.635829+00
c993e672-75da-4032-8c08-680c7a656708,d89b2328-7bdb-4b05-b0fd-d689b82962d1,Diego Fernández — consulta CEE [PRUEBA],2026-05-14 23:44:57.635829+00,2026-06-06 23:44:57.635829+00
b651a5ff-225c-4632-adb0-f0d624796149,99c897d2-4cf2-4d51-ac47-2b2e153e5162,Diego Chávez — consulta CEE [PRUEBA],2026-06-02 23:45:48.357148+00,2026-06-06 23:45:48.357148+00
6052dd79-fbc8-461f-a001-380baba8cbc5,235cf0fe-0d26-4627-889a-c5cdf9265f4d,Andrea Chávez — consulta CEE [PRUEBA],2026-05-29 23:44:57.635829+00,2026-06-06 23:44:57.635829+00
cbc265cc-be89-4bb2-8cf5-21424a4e381f,36b0a13c-04df-459a-b37a-090aff8d7d6a,Álvaro Díaz — consulta CEE [PRUEBA],2026-05-15 23:45:48.357148+00,2026-06-06 23:45:48.357148+00
851ca514-f33b-4402-922b-07ac5dae4f72,4f9002d5-2f98-49e7-89a9-44ecfd178dbb,Fernanda Castillo — consulta CEE [PRUEBA],2026-06-01 23:44:57.635829+00,2026-06-06 23:44:57.635829+00
ed2fc207-6447-4dd4-85ef-e8f37960f7a0,947f0a17-79a9-490e-a911-46a6239cb373,Daniela Quispe — consulta CEE [PRUEBA],2026-05-14 23:44:57.635829+00,2026-06-06 23:44:57.635829+00
323df8c4-b744-425f-9eea-cd9b8c8ded5f,4ddf9a81-b89b-4e1c-ade0-b430986ac7b5,Miguel Flores — consulta CEE [PRUEBA],2026-05-31 23:45:48.357148+00,2026-06-06 23:45:48.357148+00
0448ddbc-b6aa-4196-80b2-af4830c55911,d91d0663-8162-44e4-b103-65535bcd14b1,Renzo Díaz — consulta CEE [PRUEBA],2026-05-31 23:44:57.635829+00,2026-06-06 23:44:57.635829+00
463246c9-3e1b-4166-affc-14948129df48,0c221ea9-41c9-41bc-88e0-6cff25a8cfdf,Álvaro Rojas — consulta CEE [PRUEBA],2026-05-28 23:45:48.357148+00,2026-06-06 23:45:48.357148+00
ee7806db-4b21-4d87-a3ac-957ac15bd4e2,23b3337b-d427-4b1a-b755-a051042e1353,Miguel Mendoza — consulta CEE [PRUEBA],2026-05-13 23:45:48.357148+00,2026-06-06 23:45:48.357148+00
8d125f44-e93b-438f-afec-f9eb67301426,68b3f2e8-4418-4c72-b46b-65e889badaae,Sebastián Díaz — consulta CEE [PRUEBA],2026-05-31 23:44:57.635829+00,2026-06-06 23:44:57.635829+00
733f2e90-27ce-4020-83d2-881be5e1d738,d0f5f011-67c7-4216-8bb0-58000cfe09d2,Valeria González — consulta CEE [PRUEBA],2026-06-02 23:45:48.357148+00,2026-06-06 23:45:48.357148+00
faf1e5e5-19ac-4a32-86d7-80fb6edd9ac2,13e16a3b-66ba-49c2-bfa4-b86723cd3f8f,María Vargas — consulta CEE [PRUEBA],2026-05-31 23:44:57.635829+00,2026-06-06 23:44:57.635829+00
5da8ba9d-dddb-44e0-b955-0d8763a4f1cc,01efee05-b69a-4c43-8aa7-84ad20a095c1,Valeria Vargas — consulta CEE [PRUEBA],2026-05-28 23:45:48.357148+00,2026-06-06 23:45:48.357148+00
337c42b4-502a-4079-b2cd-afa7683fce63,a1d1f9b2-e9dd-4b6f-80b0-8109d30b6c0c,Camila Rojas — consulta CEE [PRUEBA],2026-05-14 23:44:57.635829+00,2026-06-06 23:44:57.635829+00
ee611ac4-c5f0-4186-8a67-33a0b264e482,679ee4be-7b7c-4597-b391-a7e7a5744a81,Valeria Torres — consulta CEE [PRUEBA],2026-05-22 23:45:48.357148+00,2026-06-06 23:45:48.357148+00
5e753339-e23f-438c-9bae-e69ad9eee3ca,9e2a38d9-e395-4d47-a897-68dff0dd9781,Fernanda Ramírez — consulta CEE [PRUEBA],2026-06-01 23:44:57.635829+00,2026-06-06 23:44:57.635829+00
0a8a175d-b23b-4028-868a-8b956546025b,60d9e436-64c7-4135-8470-bb0d00b8a6b9,Sebastián Ríos — consulta CEE [PRUEBA],2026-05-27 23:45:48.357148+00,2026-06-06 23:45:48.357148+00
6a41004a-4b01-47c8-86dd-a8918ec689c8,5b4360e8-396d-4b77-9ad1-e9f370ae31e4,Daniela Quispe — consulta CEE [PRUEBA],2026-05-18 23:44:57.635829+00,2026-06-06 23:44:57.635829+00
f10067ab-4c18-4c94-b370-9dcf8b8b43e6,bb3c5a08-3ed9-455d-a8b9-7c9d7c0c3b76,Paola Fernández — consulta CEE [PRUEBA],2026-05-22 23:44:57.635829+00,2026-06-06 23:44:57.635829+00
a99cfa05-5610-431b-a012-20a990831839,a3f605bb-5b4d-47bb-9c84-8fb7991d6444,Carlos Paredes — consulta CEE [PRUEBA],2026-05-20 23:45:48.357148+00,2026-06-06 23:45:48.357148+00
1430164b-1adc-41ad-b98c-e9740600badd,87fdb8f3-2532-4eb4-8d42-7e51c8a33312,Gabriela Salazar — consulta CEE [PRUEBA],2026-05-21 23:44:57.635829+00,2026-06-06 23:44:57.635829+00
ba86cef1-0d15-4ff0-b611-7e153dd71415,e0ae08fa-3d5b-4cdd-96d4-c4f32357e1c9,Gabriela Espinoza — consulta CEE [PRUEBA],2026-05-15 23:44:57.635829+00,2026-06-06 23:44:57.635829+00
a50ab637-b4cb-49ac-bbe4-bef1077c13bd,1e213ba8-0a98-4046-9f58-89bcb01edaae,José Castillo — consulta CEE [PRUEBA],2026-06-01 23:45:48.357148+00,2026-06-06 23:45:48.357148+00
d8f7fcc0-139b-40a5-b44c-176e4f2c08d6,3120ed7e-9046-4d2d-b55e-c37920db1ff6,Luis Espinoza — consulta CEE [PRUEBA],2026-05-13 23:44:57.635829+00,2026-06-06 23:44:57.635829+00
8987cf7a-c6db-46ec-bb51-0fea6d7f2029,0558316e-b65e-48c9-b4bf-844ca7903796,Lucía González — consulta CEE [PRUEBA],2026-05-18 23:45:48.357148+00,2026-06-06 23:45:48.357148+00
7b601bfa-d0da-4380-b81e-d0935de7ef6c,f4713fcf-d013-4c21-a78a-a55e10b1f8c4,Álvaro Castillo — consulta CEE [PRUEBA],2026-06-03 23:44:57.635829+00,2026-06-06 23:44:57.635829+00
e5b66946-0770-4f6d-9107-5e2286426fca,993ce234-9a47-445c-84c2-b244b41fd4ba,Andrea Rojas — consulta CEE [PRUEBA],2026-05-24 23:45:48.357148+00,2026-06-06 23:45:48.357148+00
3f2e4803-3d43-461a-9062-a3fd476cdd12,0b0d3de2-60ec-4398-b7b4-88a3e369670e,Carlos Torres — consulta CEE [PRUEBA],2026-05-21 23:44:57.635829+00,2026-06-06 23:44:57.635829+00
30ea8c62-5f66-43b2-9ea8-534c1cd6d881,547de764-15b2-41fc-a674-c15f88e067a8,Valeria Chávez — consulta CEE [PRUEBA],2026-05-30 23:45:48.357148+00,2026-06-06 23:45:48.357148+00
e97c150e-b9e9-4c5d-9cc2-7c254cfaac04,35ff1852-65c1-448c-83b1-02a20bbc14a3,Jorge Ramos — consulta CEE [PRUEBA],2026-05-17 23:45:48.357148+00,2026-06-06 23:45:48.357148+00
75da7fd5-1fdb-4519-bd81-0b95ff7fd1c3,bb43242a-cd31-467e-bce3-330ef36a956a,Andrea Flores — consulta CEE [PRUEBA],2026-05-13 23:45:48.357148+00,2026-06-06 23:45:48.357148+00
68c9561a-f679-42cc-891f-6801a0475b3a,24c249f2-dbb8-441d-afd7-06a784c0cc4d,Andrea Ríos — consulta CEE [PRUEBA],2026-05-31 23:45:48.357148+00,2026-06-06 23:45:48.357148+00
a74602c4-7e0f-4372-a2d6-8e2469195143,492b317f-a719-4f64-a9d8-a50d812c708c,Gabriela Fernández — consulta CEE [PRUEBA],2026-05-22 23:44:57.635829+00,2026-06-06 23:44:57.635829+00
8b3ceb18-19d6-471a-85e5-d39c76c4d699,16084b56-2b60-4665-81bc-e66a36891152,José Ramírez — consulta CEE [PRUEBA],2026-05-25 23:45:48.357148+00,2026-06-06 23:45:48.357148+00
67cab524-c4df-4719-9d9e-a895e9ab45c9,11e2d825-e235-4e05-b92a-72cc8ed37c2b,Sofía Espinoza — consulta CEE [PRUEBA],2026-05-30 23:44:57.635829+00,2026-06-06 23:44:57.635829+00
4225813d-71a7-4e8d-af2b-e86513fbcf23,b736762f-4e1f-4ff4-b19b-02ad9df4838d,Daniela Paredes — consulta CEE [PRUEBA],2026-05-28 23:45:48.357148+00,2026-06-06 23:45:48.357148+00
e073ab8b-e026-4048-b329-9e426154a756,c0c427a5-0dbc-4741-9341-bc68bec8da54,Álvaro Ríos — consulta CEE [PRUEBA],2026-05-27 23:44:57.635829+00,2026-06-06 23:44:57.635829+00
5c5eef8d-45cc-49cd-9985-a3f21cd42d5e,94465448-4776-420f-9904-203cf5d4753b,Fernanda Ríos — consulta CEE [PRUEBA],2026-05-25 23:44:57.635829+00,2026-06-06 23:44:57.635829+00
408da245-e7c3-49c5-be68-1dd29e6530d6,0dfb8364-9f59-4803-b592-28c5f7cdd833,Andrea Huamán — consulta CEE [PRUEBA],2026-05-18 23:46:01.770062+00,2026-06-06 23:46:01.770062+00
9811ed99-3e9d-402e-9efc-5f9c3f6bd857,c862cf88-9714-492d-b3ff-44bce0a457d5,Álvaro Rojas — consulta CEE [PRUEBA],2026-05-13 23:44:57.635829+00,2026-06-06 23:44:57.635829+00
8124f2f1-9ebc-41b1-9dee-7b28267839a7,c6bef8ee-fefc-43be-9dad-6c430a6577bc,José Flores — consulta CEE [PRUEBA],2026-05-25 23:46:01.770062+00,2026-06-06 23:46:01.770062+00
c5cdafe1-7f8a-48e8-9f2e-06362efe410a,4a5a6852-9c89-4d1e-afe0-ec83f58ee3eb,Sebastián Rojas — consulta CEE [PRUEBA],2026-05-13 23:45:48.357148+00,2026-06-06 23:45:48.357148+00
2895b529-b519-48d9-be55-5822bae00386,23cc5838-df42-400b-9fe8-e8098e01ae69,Fernanda Salazar — consulta CEE [PRUEBA],2026-05-15 23:44:57.635829+00,2026-06-06 23:44:57.635829+00
33a6a988-7d25-4e60-b941-e81745cf1336,b27e54fd-a764-4a5c-b20b-3b2a5da6a4a1,José Huamán — consulta CEE [PRUEBA],2026-05-18 23:44:57.635829+00,2026-06-06 23:44:57.635829+00
c1380e4f-5b03-4101-be51-7b7022fa4325,f3d0ba1c-bbc4-4fb4-9a29-a9fe9c54f4d6,Miguel Salazar — consulta CEE [PRUEBA],2026-05-29 23:45:48.357148+00,2026-06-06 23:45:48.357148+00
ba7f1925-180c-4025-b100-eb73a1b151fc,b20641e9-c55e-40bb-8980-529581a75565,Carlos Espinoza — consulta CEE [PRUEBA],2026-06-06 23:44:57.635829+00,2026-06-06 23:44:57.635829+00
a209f0c1-a63d-42fc-9f35-b7696d56783e,bc65ea63-10a5-4bd0-8c13-220cfb56cbce,Camila Ramos — consulta CEE [PRUEBA],2026-05-13 23:46:01.770062+00,2026-06-06 23:46:01.770062+00
d8794f54-a1da-48ee-a5f1-3200ea0f4719,f39e306f-45bb-454d-87b9-9c9f48c445ce,María Ríos — consulta CEE [PRUEBA],2026-05-29 23:45:48.357148+00,2026-06-06 23:45:48.357148+00
30508544-19e1-4db7-800d-bf3b577a0303,39a37583-f578-43a9-90f5-8299a734cf9a,Carlos Espinoza — consulta CEE [PRUEBA],2026-05-25 23:45:48.357148+00,2026-06-06 23:45:48.357148+00
f8dd357f-4f81-4b09-a45a-3997657e80e2,a3e11d1e-6520-4eb0-9c08-85a121bdc54f,Andrea Castillo — consulta CEE [PRUEBA],2026-05-25 23:46:01.770062+00,2026-06-06 23:46:01.770062+00
40814d29-383c-4238-a17e-f789140f0a17,f0b7ff77-7bf8-45a2-b0b7-aa630c971800,Sofía Huamán — consulta CEE [PRUEBA],2026-05-30 23:45:48.357148+00,2026-06-06 23:45:48.357148+00
8b90925a-0006-4820-ab9c-6fc87aa57ff1,03c44148-d26a-404d-8ea6-ae2f1d824f2a,Valeria Huamán — consulta CEE [PRUEBA],2026-05-26 23:45:48.357148+00,2026-06-06 23:45:48.357148+00
b1203b1d-af35-4feb-bd14-974173ad28fb,f15b8bb9-07c0-4274-ba2e-4bda64f2c288,Fernanda Torres — consulta CEE [PRUEBA],2026-05-30 23:45:48.357148+00,2026-06-06 23:45:48.357148+00
4656d1c8-80ac-4b41-a025-2d6e8fb66fb4,a6b31e1c-9b15-4e49-918b-3b036c449d83,Sebastián Vargas — consulta CEE [PRUEBA],2026-05-16 23:45:48.357148+00,2026-06-06 23:45:48.357148+00
40c0856c-8740-436f-8ee2-bacba3c03203,0e1e3348-6acc-478e-a606-963cc9acc490,Fernanda González — consulta CEE [PRUEBA],2026-06-04 23:46:01.770062+00,2026-06-06 23:46:01.770062+00
cad7eef6-44ff-454c-bfcd-28508dad7c9c,d7176d8e-3b59-407e-91bd-381794cc649c,Renzo Díaz — consulta CEE [PRUEBA],2026-05-25 23:46:01.770062+00,2026-06-06 23:46:01.770062+00
7aebecbe-f9b8-437c-85f8-f29eadc440e1,54d440fe-511f-4ad1-8076-fc9bbebac19c,Álvaro Chávez — consulta CEE [PRUEBA],2026-05-30 23:46:01.770062+00,2026-06-06 23:46:01.770062+00
c0000be9-16c2-48c2-af9c-a7137f946443,cd697de5-2aab-419b-b7d8-2f5d76c0421b,Carlos Castillo — consulta CEE [PRUEBA],2026-06-01 23:46:01.770062+00,2026-06-06 23:46:01.770062+00
ae657f8d-68a2-4399-b41f-636e629508e4,e1d51ba4-4913-4d68-b33e-fd1cd504a3ff,Jorge Fernández — consulta CEE [PRUEBA],2026-05-23 23:46:01.770062+00,2026-06-06 23:46:01.770062+00
ad18d5f7-f739-44d2-b2c9-78c2a3e176ef,b891fdac-df5f-4e5e-81c8-4edd819961b8,Rosa Vargas — consulta CEE [PRUEBA],2026-06-06 23:46:01.770062+00,2026-06-06 23:46:01.770062+00
22fc1f4e-37fe-4146-9b5f-04757a1e1cab,e3bd410a-8282-41b4-91b2-8d8adb14e1bd,Renzo Flores — consulta CEE [PRUEBA],2026-05-30 23:46:01.770062+00,2026-06-06 23:46:01.770062+00
808d1bab-7f84-44db-acd8-a7800782423a,b783976a-a3a3-4040-bc1e-6e20f4648c2c,María Rojas — consulta CEE [PRUEBA],2026-06-01 23:46:01.770062+00,2026-06-06 23:46:01.770062+00
1cfa3c95-df35-4bcf-80ac-9506240ecad8,74c05cb5-c457-4dbe-a5b6-22c9ec6191b7,Luis Quispe — consulta CEE [PRUEBA],2026-06-02 23:46:01.770062+00,2026-06-06 23:46:01.770062+00
72a9adeb-f72d-4564-b131-2c6f28466af2,c3d062d7-d32a-4815-9c1f-936c1a6989f7,Daniela Díaz — consulta CEE [PRUEBA],2026-06-06 23:46:01.770062+00,2026-06-06 23:46:01.770062+00
468f66a5-cc2c-4238-823f-ed8e2ad65dba,aca7422c-b5f8-4d29-b4c1-4f5a4117cd0f,Álvaro Fernández — consulta CEE [PRUEBA],2026-06-06 23:46:01.770062+00,2026-06-06 23:46:01.770062+00
0060ed91-88b8-4be4-9e52-3d81c574531e,e4f6c26f-4f2d-4c96-8237-95230839f722,Luis Huamán — consulta CEE [PRUEBA],2026-05-30 23:46:01.770062+00,2026-06-06 23:46:01.770062+00
da42696e-1974-43bd-9e5c-e9fd532c6390,ab5de840-ae70-4fae-b216-d1deeda2f234,Lucía González — consulta CEE [PRUEBA],2026-05-26 23:46:01.770062+00,2026-06-06 23:46:01.770062+00
cfb3208a-d5cb-495f-b1a4-0293a7061547,eb4210aa-cc7f-4708-88f6-190816d3cd14,Daniela Huamán — consulta CEE [PRUEBA],2026-05-26 23:46:01.770062+00,2026-06-06 23:46:01.770062+00
e663004a-d404-4de1-bed2-b0005ccd54aa,484bf9af-f3b8-40f0-9320-247072d17c4c,Renzo Flores — consulta CEE [PRUEBA],2026-05-21 23:46:01.770062+00,2026-06-06 23:46:01.770062+00
2c868763-8ffb-4777-a28c-a0f239d324a6,03f691da-8d78-4f07-bea6-a6e7b584fa79,José Ríos — consulta CEE [PRUEBA],2026-05-25 23:46:01.770062+00,2026-06-06 23:46:01.770062+00
dab41246-1b95-47f1-a06f-f62512095ad1,bbf8d169-a66c-48fc-a380-c21baaca26c5,Paola Flores — consulta CEE [PRUEBA],2026-05-20 23:46:01.770062+00,2026-06-06 23:46:01.770062+00
a038c93c-2133-490e-b941-fe9f6d587dd0,a6c4e36c-bed9-467f-ab94-35ac85afc13c,Luis Ramírez — consulta CEE [PRUEBA],2026-05-14 23:46:01.770062+00,2026-06-06 23:46:01.770062+00
656543aa-0f1c-4462-89a9-61c83d086b60,25f865fd-d679-4098-b65c-dda83d6ab511,Andrea Ríos — consulta CEE [PRUEBA],2026-05-16 23:46:01.770062+00,2026-06-06 23:46:01.770062+00
177343d5-a1ff-46b4-a192-48fbbb48c58b,c91a2302-74a3-4035-a6f5-4df1e235e8a2,Luis Vargas — consulta CEE [PRUEBA],2026-06-05 23:46:01.770062+00,2026-06-06 23:46:01.770062+00
e6bbb738-ba4c-4ca8-bad7-ba6c5059db2f,3a1d5977-dd72-46e7-b082-819331c827d8,Valeria Quispe — consulta CEE [PRUEBA],2026-06-06 23:46:01.770062+00,2026-06-06 23:46:01.770062+00
51716b4d-6233-46a8-b781-28993b2aa0a6,f83d975b-9124-4acf-9dc7-fe543832123c,Miguel Núñez — consulta CEE [PRUEBA],2026-05-23 23:46:01.770062+00,2026-06-06 23:46:01.770062+00
874332ad-ef0f-4c86-a186-0a64775175d1,54f8ca44-c4ca-4e0b-86e2-c885d5bf1aba,Lucía Núñez — consulta CEE [PRUEBA],2026-05-15 23:46:01.770062+00,2026-06-06 23:46:01.770062+00
d8ac859d-f8ed-4f89-8156-02e7c55003a0,4e19fa61-70bc-45f6-bd33-621adab4b544,Luis Ramírez — consulta CEE [PRUEBA],2026-05-28 23:46:01.770062+00,2026-06-06 23:46:01.770062+00
7f346539-46ea-4412-9327-c2ce49b4d522,e07b813c-2da7-40dc-9742-239a7ae52023,Rosa Flores — consulta CEE [PRUEBA],2026-05-14 23:46:01.770062+00,2026-06-06 23:46:01.770062+00
19145be2-fe17-4650-bd87-c570abcdf68e,3a3a6ca9-b167-466a-b6e6-2f02862d988c,José Flores — consulta CEE [PRUEBA],2026-05-17 23:46:01.770062+00,2026-06-06 23:46:01.770062+00
a4e5ca98-650c-42e7-90dc-a2e0bc469f01,575c43fe-c062-4702-b3bc-c7bbe1efc66e,Camila Castillo — consulta CEE [PRUEBA],2026-06-01 23:46:01.770062+00,2026-06-06 23:46:01.770062+00
f7566e60-2942-4bfe-84f3-6c6d9407da4b,458e47be-9024-43f0-a957-f4248ad6d05f,Rosa Vargas — consulta CEE [PRUEBA],2026-06-04 23:46:01.770062+00,2026-06-06 23:46:01.770062+00
0791fc41-c3b1-448f-b25c-bac46de2c953,ba7f7ebd-0f88-4bc9-a6ad-79ec57b8b848,Valeria Díaz — consulta CEE [PRUEBA],2026-05-13 23:46:01.770062+00,2026-06-06 23:46:01.770062+00
3463ba9c-c9ac-4925-ab74-f4f87b7cf740,2eaece6d-890d-4fbd-90b6-ac0f393ef89b,María González — consulta CEE [PRUEBA],2026-06-06 23:46:01.770062+00,2026-06-06 23:46:01.770062+00
de29edd2-efef-455a-8032-a263d8e9d0b2,d2deddf3-2cc8-423a-9e93-d01089921d96,Rosa Castillo — consulta CEE [PRUEBA],2026-05-24 23:46:01.770062+00,2026-06-06 23:46:01.770062+00
ca8339df-4dad-4669-8645-85779a022c11,b7c46744-9bb5-414f-a814-617564c16a4b,Sebastián Fernández — consulta CEE [PRUEBA],2026-06-02 23:46:01.770062+00,2026-06-06 23:46:01.770062+00
6e00ba80-64b0-4484-adb2-66491832a63a,90d260ff-8476-477d-8b61-420d63523835,Sebastián Paredes — consulta CEE [PRUEBA],2026-05-28 23:46:01.770062+00,2026-06-06 23:46:01.770062+00
e23b3081-6a34-48c4-ba2f-37f583293233,8a183e9d-d825-45ba-bd54-1eae1baa3c77,Lucía Salazar — consulta CEE [PRUEBA],2026-06-05 23:46:01.770062+00,2026-06-06 23:46:01.770062+00
252d666f-5b72-470b-90bd-d8abd6a9dcf8,08a7de3a-5d1d-4c16-9dc2-b6ec069addb5,Paola Huamán — consulta CEE [PRUEBA],2026-05-20 23:46:01.770062+00,2026-06-06 23:46:01.770062+00
9fae609d-7501-45fb-b958-d6be3c1b1459,077f4acd-5760-4b21-add9-fca0498a50e3,Valeria González — consulta CEE [PRUEBA],2026-05-15 23:46:01.770062+00,2026-06-06 23:46:01.770062+00
6b36dfea-09f3-46cc-83f0-0ad7302e3ebf,af94619f-86d9-4fbd-9fae-66c61db601aa,Paola Castillo — consulta CEE [PRUEBA],2026-05-17 23:46:01.770062+00,2026-06-06 23:46:01.770062+00
c6aa5d07-34c0-4ca2-aadc-c76b30a65df5,8bdf0b9f-694c-4b3b-8ba7-8a73974e7d0f,José Mendoza — consulta CEE [PRUEBA],2026-06-04 23:46:01.770062+00,2026-06-06 23:46:01.770062+00
ef455389-3eca-4235-82d0-1193661e7c26,d1882e8a-100e-4bd7-8747-1fcf5b1e8f2c,Daniela Salazar — consulta CEE [PRUEBA],2026-05-18 23:46:01.770062+00,2026-06-06 23:46:01.770062+00
bf63119b-5bb2-40aa-95b4-30afc040b6c5,37f88d33-7ba2-4b48-a0c7-50820289c923,Jorge Díaz — consulta CEE [PRUEBA],2026-05-23 23:46:01.770062+00,2026-06-06 23:46:01.770062+00
ce583f6b-8cab-497c-a425-d3b173f0e4b6,2afcf68b-5c47-44b6-a62b-73cf0685659f,José Díaz — consulta CEE [PRUEBA],2026-05-13 23:46:01.770062+00,2026-06-06 23:46:01.770062+00
5c7c9292-0d15-4d09-af84-1d85bdd0fe06,bf06867c-cef7-4bae-983d-61859e5a4e01,Carlos Espinoza — consulta CEE [PRUEBA],2026-05-15 23:46:01.770062+00,2026-06-06 23:46:01.770062+00
79462db7-1504-486f-bf9e-d8ff97c9b4ca,a42bd12f-b6ad-45eb-9392-7520151957b8,Jorge Flores — consulta CEE [PRUEBA],2026-06-04 23:46:01.770062+00,2026-06-06 23:46:01.770062+00
c451e14e-3ba4-4292-b874-821eb2448d78,2fa660dd-a26a-45e3-aea4-4e70e6421bb5,Luis Torres — consulta CEE [PRUEBA],2026-05-22 23:46:01.770062+00,2026-06-06 23:46:01.770062+00
7ca7608f-36e6-4489-8926-cbd0be7d4c89,00fdc541-121b-440b-9941-4b888d90e7bf,María Chávez — consulta CEE [PRUEBA],2026-05-26 23:46:01.770062+00,2026-06-06 23:46:01.770062+00
84dbae05-db49-4f37-ba24-bd4ba34148ba,0dc953ad-9ffd-4033-90ea-e19d9dd8bfa9,Diego Paredes — consulta CEE [PRUEBA],2026-05-26 23:46:01.770062+00,2026-06-06 23:46:01.770062+00
e9005464-ea02-440e-9841-318b91ee30e4,8ee26867-484f-4569-a9ca-850cae67e2c4,Álvaro Rojas — consulta CEE [PRUEBA],2026-05-19 23:46:01.770062+00,2026-06-06 23:46:01.770062+00
95e3a9b7-7170-4f0a-aa57-28e53001a383,58250305-9695-4051-a2d4-91c9ac75bdfe,Paola Ramírez — consulta CEE [PRUEBA],2026-05-26 23:46:01.770062+00,2026-06-06 23:46:01.770062+00
6d1d42ec-e3ed-4438-bb6e-0f3d889b9149,1461df6a-c523-44ea-895e-05653e10e9fa,María Mendoza — consulta CEE [PRUEBA],2026-05-30 23:46:01.770062+00,2026-06-06 23:46:01.770062+00
2884ef82-f088-40b8-aaa1-78ef9001ec7c,aa13804c-bbee-45c8-82e2-1207083a691e,Álvaro Salazar — consulta CEE [PRUEBA],2026-05-24 23:46:01.770062+00,2026-06-06 23:46:01.770062+00
e1cd69fb-060f-4d61-8202-d22947f47769,05addace-780d-4183-a68c-7c96024e73da,Fernanda Huamán — consulta CEE [PRUEBA],2026-05-29 23:46:01.770062+00,2026-06-06 23:46:01.770062+00
65082a83-354a-45d1-ba26-b4a382561c6c,49a8f8b5-5c0d-4497-941b-64368ec80c65,Sofía Flores — consulta CEE [PRUEBA],2026-06-01 23:46:01.770062+00,2026-06-06 23:46:01.770062+00
9b71c774-f18b-4da5-afa9-2d719908d43d,1f577b51-482a-43c1-aa6a-59fd000a7e9d,Valeria Quispe — consulta CEE [PRUEBA],2026-05-27 23:46:01.770062+00,2026-06-06 23:46:01.770062+00
b9ae5684-4ace-4ef3-a98c-cc7478f977cb,70295bc9-74dd-4d07-a7ac-e7a9b423e7f3,Rosa Vargas — consulta CEE [PRUEBA],2026-06-01 23:46:01.770062+00,2026-06-06 23:46:01.770062+00
199ff764-77cd-449a-86cc-30bf43fb770c,8017555a-76d7-40fc-8e7f-8f8389897592,Jorge Paredes — consulta CEE [PRUEBA],2026-05-21 23:46:01.770062+00,2026-06-06 23:46:01.770062+00
0290a4e8-4143-485a-bcb4-049627cdc314,a5a8acc4-e32a-456e-b1bf-f16ebe7164d2,Carlos Paredes — consulta CEE [PRUEBA],2026-05-21 23:46:01.770062+00,2026-06-06 23:46:01.770062+00